,pc1,pc2,pc3,pc4,pc5,pc6,url,white_fract
0,2.9584102800123473,-0.5785509150360246,-0.37623607867827535,0.21398888833396318,-0.017065032443031033,-0.07261708265848556,Auswahl_CFB1010_400-H-12mm-4000x14_4_2.png,0.19402694702148438
1,3.4336531718529275,-0.266311857734646,-0.8136129509074966,-0.05384941641615908,0.16733336815770258,0.06057506508212776,Auswahl_CFB1010_400-H-9mm-4000x10_1_2.png,0.1998138427734375
2,-1.754618085478051,-0.3541942329312903,0.7692406225346606,0.5351094217527694,0.031535509905865594,-0.14076879687706445,Auswahl_CFB1010_400-H-6mm-4000x07_4_2.png,0.12437057495117188
3,0.3940379335214058,-0.5307507585273296,-0.37319129875700713,-0.14369612299174858,0.08622236177121757,0.08568669016275957,Auswahl_CFB1010_400-H-12mm-4000x14_1_2.png,0.14965057373046875
4,4.5229162676040255,0.07656501678095783,0.20839252941203165,0.04263125129111273,-0.09225500345879785,-0.0394159175224889,Auswahl_CFB1010_400-H-3mm-4000x03_4_1.png,0.2093048095703125
5,-0.8577209452981552,0.040782101111165175,-0.898943411632029,-0.7458240263434333,0.37655307942010235,0.0668312650611047,Auswahl_CFB1010_400-H-12mm-4000x14_1_1.png,0.12610244750976562
6,1.932520842636676,-0.24129293243981076,1.795831641558648,-0.36616115841443597,0.35397188526188644,-0.23740160553259657,Auswahl_CFB1010_400-H-3mm-4000x03_3_3.png,0.14953994750976562
7,-2.6056848765162015,0.525682840055104,0.142554236741833,-0.34764501271464426,0.013931622179667173,-0.2951198938439354,Auswahl_CFB1010_400-H-3mm-4000x03_2_3.png,0.10270309448242188
8,-1.4289159138187415,0.6124084511544937,-0.4785560591803878,0.039882627555701045,-0.02060287179184224,0.022594748650601033,Auswahl_CFB1010_400-H-15mm-4000x19_3_3.png,0.13344192504882812
9,0.6756432887712112,-0.9623627910859351,0.6063338277906215,-0.18171723280189553,0.007049696557024025,-0.27382696013068436,Auswahl_CFB1010_400-H-6mm-4000x07_4_3.png,0.14356231689453125
10,-1.5326027548133634,0.3374053650485908,-0.07471087449419711,0.6163632690740655,-0.01764254030779275,0.03252879184633301,Auswahl_CFB1010_400-H-12mm-4000x15_1_3.png,0.13901519775390625
11,1.3800619945728865,-0.15957685007727201,-0.7822227378197796,-0.12648216809637736,0.18162979714637445,0.1528008625804987,Auswahl_CFB1010_400-H-12mm-4000x15_1_2.png,0.16932296752929688
12,-2.1229742569619376,0.4232720173021737,0.4052634493678605,0.05663015059237888,0.012610912285024622,0.19290112437757562,Auswahl_CFB1010_400-H-6mm-4000x06_4_3.png,0.11463546752929688
13,1.0645763339507568,0.10256568882469871,1.4407611191187086,-0.09444371700734545,0.29323083791382326,-0.0074973037920458355,Auswahl_CFB1010_400-H-6mm-4000x07_3_2.png,0.14712142944335938
14,-1.1538439505140177,0.805457360800518,0.06338715182649308,0.36482812686214017,-0.05925410012609981,0.1484334077144666,Auswahl_CFB1010_400-H-12mm-4000x15_2_3.png,0.13897323608398438
15,0.08543937753407202,0.22147359539769454,-0.4559860757748929,0.12079663697298688,0.10882403385687878,0.041982894334911564,Auswahl_CFB1010_400-H-6mm-4000x06_1_2.png,0.15453720092773438
16,-2.6862398319500778,-0.5089329987149979,0.15295229006998307,0.04309875901174127,-0.010452644134735227,-0.1497634809051934,Auswahl_CFB1010_400-H-12mm-4000x14_2_3.png,0.10586166381835938
17,1.3404535682411731,-0.49227313628132136,-0.5089743358805451,0.06558700543899627,0.04933739552503449,0.1468475347792439,Auswahl_CFB1010_400-H-6mm-4000x06_2_2.png,0.16904830932617188
18,-3.729352563130742,0.07994071016486153,0.8375114463851281,0.11797897553343518,0.2538710871461848,-0.08334244356137675,Auswahl_CFB1010_400-H-3mm-4000x02_3_3.png,0.0890350341796875
19,-1.0485069993753764,0.3432607847450501,0.3348365258994491,-0.4267982866600781,-0.14347896122780127,-0.18663969146789092,Auswahl_CFB1010_400-H-15mm-4000x18_1_3.png,0.12009048461914062
20,1.6573106430511084,0.2367119501108997,0.4768942060118617,0.5890461023162896,-0.1075906678889555,0.14415259852810902,Auswahl_CFB1010_400-H-12mm-4000x14_3_1.png,0.17787933349609375
21,4.157808547432956,0.906044185461282,-0.13618002980575625,-0.36533397134949247,-0.020135425246601172,-0.28555641589071556,Auswahl_CFB1010_400-H-3mm-4000x03_1_3.png,0.20186233520507812
22,-1.971017034374053,-0.3584887600273886,-0.43096771129111816,0.4626717101638898,0.07361815059142317,0.04608658100985092,Auswahl_CFB1010_400-H-12mm-4000x14_1_3.png,0.1305084228515625
23,-0.9941796432934952,0.1380577909712931,-0.18211248022565973,-0.1082381461024104,0.07832670350596278,0.005388469325989957,Auswahl_CFB1010_400-H-12mm-4000x14_4_3.png,0.131591796875
24,-5.857694096634773,-0.03125783757478998,-0.41809575841344954,0.04438736614100703,0.09693267493534291,0.033926914913942466,Auswahl_CFB1010_400-H-15mm-4000x18_2_2.png,0.06760025024414062
25,-3.313521319817516,0.09203085038255784,0.07087755240541854,0.5907177989981093,-0.03897774059449766,-0.10240939380305437,Auswahl_CFB1010_400-H-12mm-4000x15_4_3.png,0.11151504516601562
26,1.2785971615441147,0.054669258067476155,0.302119751834941,0.02438406439558603,0.11495156608708992,0.10837063420037826,Auswahl_CFB1010_400-H-15mm-4000x19_2_3.png,0.16199493408203125
27,-0.4699806340310986,-0.7622159067195383,-0.23547103112892417,-0.028622052369084335,-0.06167290138066505,0.09174255727379163,Auswahl_CFB1010_400-H-3mm-4000x02_1_2.png,0.13798141479492188
28,0.644896300041011,-0.024813996019385522,1.3310194006919562,-0.16021721916725812,0.17220490653436388,-0.11915928161902946,Auswahl_CFB1010_400-H-3mm-4000x03_4_3.png,0.1400909423828125
29,-2.506466713967527,0.249253832521767,1.150598269076923,-0.1305917616545547,0.3806304131008904,0.0039779748142350505,Auswahl_CFB1010_400-H-6mm-4000x07_3_3.png,0.09896469116210938
30,-1.6779609910348963,-0.17839154159179071,0.4210755465984134,0.3154864643820222,-0.08490610874832095,-0.046436243807733604,Auswahl_CFB1010_400-H-6mm-4000x06_1_3.png,0.12462997436523438
31,2.4778271482846472,0.18387207376222117,0.47582523941000776,-0.06028964473484727,0.08130397764341125,0.15412148013277663,Auswahl_CFB1010_400-H-3mm-4000x03_3_1.png,0.17610549926757812
32,-0.37120191897942556,-0.9672598811028158,0.7287102911826134,0.0909647359403097,-0.14788455019450397,-0.23331875924438658,Auswahl_CFB1010_400-H-6mm-4000x07_4_1.png,0.13298797607421875
33,-1.3278452754900023,-0.17631693842339902,-0.25534806650278524,0.5930041095628045,-0.03292067853863208,-0.0031761227047615265,Auswahl_CFB1010_400-H-15mm-4000x18_3_2.png,0.141448974609375
34,1.547642120791738,0.2549960134210836,-0.2967598115770689,0.06153046596217692,0.1534649246700666,0.08463809974409947,Auswahl_CFB1010_400-H-6mm-4000x07_1_3.png,0.17281723022460938
35,-3.0139027836108903,-0.0750149515474931,-0.14019381630714225,0.17164733060269938,-0.04004765071403096,-0.10348036283776225,Auswahl_CFB1010_400-H-12mm-4000x15_4_2.png,0.10786056518554688
36,2.80895683226276,-0.10160522385245219,-0.5381234862755743,0.46238468929937826,0.0759439625968574,0.07056039019765561,Auswahl_CFB1010_400-H-12mm-4000x15_3_1.png,0.19999313354492188
37,1.6605401502194446,-0.0893871520924662,0.22719913462562522,0.3263286604259579,0.021993014310355264,0.23085444232431307,Auswahl_CFB1010_400-H-15mm-4000x18_1_1.png,0.1734619140625
38,-3.007855749213834,-0.6392632639990006,-0.1820338453930395,0.07796978965120438,-0.06289650316894131,0.11930599361667657,Auswahl_CFB1010_400-H-12mm-4000x15_1_1.png,0.10428237915039062
39,4.110475404493628,-0.6751132833641433,-0.7814318694569888,-0.4535965729949349,0.1724968993222346,0.36799960684247035,Auswahl_CFB1010_400-H-12mm-4000x14_2_2.png,0.19877243041992188
40,-2.0176605029639316,0.16889401727619943,-0.6445678462734936,0.1887463027429855,0.11745806221141124,0.12516754946363218,Auswahl_CFB1010_400-H-12mm-4000x15_2_2.png,0.12780380249023438
41,-2.460017510985592,-0.7990237014769428,-0.11096190474537641,-0.2081707049856506,-0.14387974300500742,0.03045986391812575,Auswahl_CFB1010_400-H-12mm-4000x14_4_1.png,0.1048736572265625
42,-3.964649595165211,-0.1629486383273143,-0.6552897205700078,0.2995376260249852,0.15981595656169534,0.19299774181888615,Auswahl_CFB1010_400-H-6mm-4000x06_2_1.png,0.1012725830078125
43,5.050306988929,-0.009453447106404103,-0.2754380882022014,0.010377803590598917,0.0709761993459193,0.050249858816484694,Auswahl_CFB1010_400-H-12mm-4000x14_2_1.png,0.2198028564453125
44,-1.3215150857331956,0.38402126704049994,-0.24978331768250772,0.044060810894431715,-0.010348873157932561,0.04996987475236012,Auswahl_CFB1010_400-H-15mm-4000x18_4_1.png,0.13155364990234375
45,-0.5391366759785142,-0.42517796731192437,-0.3549415433054535,-0.3003152069075394,0.007333497444694546,0.11050897318436229,Auswahl_CFB1010_400-H-6mm-4000x06_3_1.png,0.13359832763671875
46,10.119452772002873,0.9285977652850983,-0.3345244512658823,0.5258160931493306,-0.034658316376223186,-0.01421603222682033,Auswahl_CFB1010_400-H-3mm-4000x02_1_1.png,0.3062629699707031
47,-6.130027298983734,0.29831545609235294,0.12520737400222617,0.24477908468200552,0.1358429123929413,0.05270252653200501,Auswahl_CFB1010_400-H-3mm-4000x02_4_2.png,0.0644073486328125
48,4.6668967951949005,1.1423482102689713,0.24353761956506043,-0.3470522588183562,-0.4418619378030769,0.12278732753421523,Auswahl_CFB1010_400-H-3mm-4000x02_2_1.png,0.20582199096679688
49,-5.349635256522583,-0.3170919188444909,0.015523536424161684,0.27754338171394766,-0.07521876224170783,-0.010163022527400143,Auswahl_CFB1010_400-H-15mm-4000x18_3_3.png,0.07484817504882812
50,-0.19013785892382928,0.08708051629929091,-0.06143844430015574,-0.04054645282105859,-0.022176666330069865,-0.07148333251074007,Auswahl_CFB1010_400-H-15mm-4000x19_1_2.png,0.14325714111328125
51,-4.275737620590725,-0.39763263871827315,0.1889283656410316,0.1523823029439364,-0.07811586119201244,-0.0528681000304924,Auswahl_CFB1010_400-H-15mm-4000x19_4_2.png,0.08568572998046875
52,-1.7176497833800755,-0.5379451324319025,0.21679919282929333,0.4546727133676779,0.017156533659317803,-0.05486190685545687,Auswahl_CFB1010_400-H-6mm-4000x07_3_1.png,0.12758636474609375
53,-2.716483967376779,0.43417880966927985,-0.1848194793984407,0.29541476843246345,-0.00266593765697386,0.009839414973044757,Auswahl_CFB1010_400-H-12mm-4000x15_4_1.png,0.11687850952148438
54,3.60221305040269,0.0022302349483448486,-0.07681601446662009,0.011547257149058179,0.09311141437600627,0.12051026091868028,Auswahl_CFB1010_400-H-6mm-4000x06_1_1.png,0.19757080078125
55,3.7031334109031766,0.2389499093173022,-0.523412261030085,-0.4840214416586398,0.08868988179539418,-0.033191564628978175,Auswahl_CFB1010_400-H-15mm-4000x18_1_2.png,0.19350433349609375
56,0.24239284625222562,0.07964383845189632,0.22443060020766437,0.03706705122779576,0.06828626523115147,-0.1384829018233376,Auswahl_CFB1010_400-H-3mm-4000x03_4_2.png,0.14860916137695312
57,2.7014058362912152,-0.23771154434049485,1.2543962277077731,0.47540561513134494,-0.03953639026451436,0.12036774180154582,Auswahl_CFB1010_400-H-3mm-4000x03_1_1.png,0.18156814575195312
58,5.105755970300454,0.7361382224434089,-0.20649736972823612,1.1171584419044351,0.056184006234915165,0.07455036981577375,Auswahl_CFB1010_400-H-12mm-4000x15_3_3.png,0.2462921142578125
59,-4.96168634174466,0.2979548446836501,0.6091534385613938,0.14682989807355307,0.16069819711646696,0.02627006044251073,Auswahl_CFB1010_400-H-3mm-4000x02_4_3.png,0.07470321655273438
60,-0.4658845609840151,0.410450624312539,0.01225100216603619,-0.21020451510073682,-0.09967082089684708,-0.0020814120849282714,Auswahl_CFB1010_400-H-6mm-4000x07_1_2.png,0.13604354858398438
61,8.513730460592395,-0.2237633738098711,-0.2272496237781759,0.9258363099216987,-0.039642271447336945,-0.13677253832832062,Auswahl_CFB1010_400-H-12mm-4000x14_3_2.png,0.28746795654296875
62,1.4756038287697886,-0.5485655042866672,0.10593364236552183,0.258217199587293,-0.044084331269296104,0.054782513289833155,Auswahl_CFB1010_400-H-12mm-4000x15_2_1.png,0.16933822631835938
63,-1.8243695255723753,0.006691012798151522,-0.5599149650907987,0.9441893264051018,0.1682795360045603,0.01720360593541338,Auswahl_CFB1010_400-H-15mm-4000x19_2_1.png,0.14522552490234375
64,-0.9620340145514865,-0.022833973653413144,-0.2479110026083396,-0.10463000944860132,-0.005713908659153937,-0.0811746415706581,Auswahl_CFB1010_400-H-12mm-4000x14_3_3.png,0.1322021484375
65,0.5545728789605331,-0.847244186599703,-0.3310406643372704,-0.1330368819127511,-0.036301466863132376,0.09423160349687473,Auswahl_CFB1010_400-H-6mm-4000x07_1_1.png,0.15093231201171875
66,-4.671322251902553,0.1608869133323199,-0.4036366063538929,-0.03194580092141219,0.06792671126306059,0.0719817982079762,Auswahl_CFB1010_400-H-15mm-4000x18_3_1.png,0.0833587646484375
67,-2.5160947606688646,-0.4113447765147109,-0.4950064140530276,0.23868442454393352,0.041900407839853826,0.12378507597519872,Auswahl_CFB1010_400-H-12mm-4000x15_3_2.png,0.11835861206054688
68,6.9079473586873394,0.9620608505049913,-0.2604254810625417,0.7672150109391132,-0.05950131728124929,-0.1679864818960253,Auswahl_CFB1010_400-H-9mm-4000x10_3_1.png,0.2660980224609375
69,-0.03738142288270882,0.5186323413622781,-0.5315593434006121,-0.1801504412324278,0.21895481765419259,-0.3068043627936429,Auswahl_CFB1010_400-V-9mm-4000x11_3_1.png,0.14849472045898438
70,-2.195389367433022,-0.7023529648907714,-0.06427177172959796,-0.005586787152685427,-0.1571730624871252,-0.010864852939147658,Auswahl_CFB1010_400-H-15mm-4000x19_3_1.png,0.11298370361328125
71,-3.7256270080078275,0.2402280542380062,0.1927213798630995,0.23658219840713698,0.08605570729494608,0.10373023693229949,Auswahl_CFB1010_400-H-6mm-4000x06_2_3.png,0.09715652465820312
72,-1.1944016566858953,-0.7090611171424397,-0.008345607680030766,0.20104083368324918,-0.11920822676767627,0.07525707564170989,Auswahl_CFB1010_400-H-15mm-4000x19_1_3.png,0.13069534301757812
73,1.1065120555710868,0.044651545105905834,-0.18209733339848214,0.1784686781678022,-0.03527376526254083,-0.0022435645820337437,Auswahl_CFB1010_400-H-9mm-4000x11_4_3.png,0.1671905517578125
74,-2.2672254958370335,0.6252422477349759,-0.35482482546907007,-0.15553117961888277,0.03165765110943892,-0.08334095808338583,Auswahl_CFB1010_400-V-12mm-4000x14_2_3.png,0.11597442626953125
75,-1.996760373459578,0.03339203343283016,-0.12666221731204158,-0.2745736756675233,-0.11596359092931685,0.0409508763177379,Auswahl_CFB1010_400-H-9mm-4000x11_3_2.png,0.11287307739257812
76,-0.4844065631751159,0.41853297362717506,0.9837468090376187,0.25113988922273894,0.14790233547340634,0.1513121152341645,Auswahl_CFB1010_400-V-3mm-4000x03_1_1.png,0.136993408203125
77,1.9407971985249124,-0.9371734748361927,0.060902641150862365,-0.08668896106591999,-0.10592958431414559,-0.07786049129947183,Auswahl_CFB1010_400-V-6mm-4000x06_2_3.png,0.16778564453125
78,-2.4753486684817703,-0.3493944005868958,-0.3120377748800902,0.14598503174994132,0.015594281192150877,0.18568344255415187,Auswahl_CFB1010_400-H-15mm-4000x18_4_2.png,0.11536788940429688
79,0.5252743190453035,-0.29145203742100734,0.2870037785413422,-0.022638519857493454,0.2828443710768187,0.05751388241063745,Auswahl_CFB1010_400-V-3mm-4000x03_4_2.png,0.1497344970703125
80,1.9610036100839927,-1.2216759431888686,-0.09262487620649963,-0.3972911320621356,-0.2639294078040051,0.06879927883684403,Auswahl_CFB1010_400-V-6mm-4000x06_1_2.png,0.16193771362304688
81,3.5927134025639784,-1.1513114637297954,0.10088331650033383,0.31408915883093125,-0.12406506502259278,-0.21933101572251673,Auswahl_CFB1010_400-V-9mm-4000x10_4_1.png,0.1991119384765625
82,2.368091074197318,0.08680847350230758,-0.6707165760159415,-1.0051920525429316,0.387037130533424,-0.013187885025842186,Auswahl_CFB1010_400-V-9mm-4000x11_4_3.png,0.1640167236328125
83,1.1169733485517654,0.9371232448668014,0.003218011672288028,-0.055851436905682825,-0.1373331444647904,-0.007328083794788269,Auswahl_CFB1010_400-V-3mm-4000x02_4_3.png,0.16369247436523438
84,-0.4199377912991951,0.08294895137905048,0.3657530195072991,-0.02205193105846709,0.021449896450985446,0.20222450691878296,Auswahl_CFB1010_400-V-12mm-4000x15_3_3.png,0.1364288330078125
85,-1.6720153704872451,0.3996082574645863,-0.6800409446311954,-0.7027277746294512,0.28479294857960064,-0.18157619902001365,Auswahl_CFB1010_400-V-9mm-4000x11_4_1.png,0.11476898193359375
86,-0.4260752513668989,-0.26553808474040835,0.03493434939364429,-0.1685530578076507,-0.20915191217647303,0.03322495150125939,Auswahl_CFB1010_400-V-6mm-4000x06_3_1.png,0.1350555419921875
87,0.32271509592277686,0.8707204708782733,0.5425689727895581,-0.07585662924774601,-0.26564912876215163,0.1232379164986102,Auswahl_CFB1010_400-V-12mm-4000x15_3_2.png,0.14640045166015625
88,-4.704812836395152,-0.471746259168591,-0.08782724063942919,0.06099603754371929,-0.14849060952197332,0.0006229818837230433,Auswahl_CFB1010_400-V-6mm-4000x06_3_2.png,0.07982635498046875
89,3.193595360126244,0.639596640604293,-0.5648298589017,0.7592585112613922,0.030639968301021656,-0.13204496198031243,Auswahl_CFB1010_400-V-6mm-4000x07_3_1.png,0.21482086181640625
90,2.941577271526908,-0.3187945210252112,0.03676697593267797,0.9002166380792297,-0.013086227173337798,-0.08125207493761065,Auswahl_CFB1010_400-V-6mm-4000x07_2_1.png,0.2052154541015625
91,-6.600105268788575,0.32539108155506496,0.11730749881670004,0.28657329726901715,-0.09523259711733133,0.029837219746555677,Auswahl_CFB1010_400-V-3mm-4000x03_1_3.png,0.05855560302734375
92,-1.3179004024922059,-0.65151668388316,0.042917521324859535,-0.12231364629819862,-0.16564473803140178,-0.0775179178585828,Auswahl_CFB1010_400-H-15mm-4000x18_4_3.png,0.12218475341796875
93,0.17517679388112428,-0.4050076474162674,-0.09833238600314707,-0.047136987706236456,-0.04268155295451239,0.05655185164545777,Auswahl_CFB1010_400-H-9mm-4000x11_4_2.png,0.14669036865234375
94,-2.901042444946162,-0.08994004227183984,-0.39379881810101264,0.16808127204406675,0.08912650279899265,0.052474504705377206,Auswahl_CFB1010_400-V-9mm-4000x10_4_2.png,0.1116485595703125
95,0.6840465688836785,0.8927457122989992,-0.3308866392740535,-0.5055374050569528,-0.08445521348768505,-0.08219964100948907,Auswahl_CFB1010_400-V-12mm-4000x15_1_1.png,0.15113449096679688
96,-0.4433059225436752,-0.02948065942404015,0.53243163684281,0.5593929907366176,0.16420762140613257,-0.0055161108120085406,Auswahl_CFB1010_400-V-3mm-4000x03_4_3.png,0.14689254760742188
97,-3.1308269434464786,0.7091908522242373,-0.03063094338517668,0.1355907228548788,-0.07149050131381048,-0.09165611611588467,Auswahl_CFB1010_400-H-9mm-4000x10_3_3.png,0.10750961303710938
98,-1.7146171425986112,1.0167336468015904,-0.3070805112084398,-0.6992844733989773,-0.19439705050102046,-0.27928023038876515,Auswahl_CFB1010_400-H-3mm-4000x03_1_2.png,0.11362457275390625
99,-4.039727283583023,0.605762411790948,0.6312541882894115,0.08753802362707702,0.030508966028280102,0.11250923607449347,Auswahl_CFB1010_400-V-12mm-4000x15_4_2.png,0.08707427978515625
100,0.18792287893164727,1.083874084236033,-0.0940572742231922,-0.4655424125216572,-0.22357533792854653,-0.2803689108805528,Auswahl_CFB1010_400-V-12mm-4000x14_3_2.png,0.14308547973632812
101,0.34094248357931195,-0.501106112726061,0.409551497128508,0.2578658948928319,-0.12185382576518657,-0.0728459376453135,Auswahl_CFB1010_400-V-3mm-4000x02_3_3.png,0.1507110595703125
102,3.4677873121464113,0.3882730564440463,0.11869661802063138,-0.021996868380865824,-0.07608960224554384,0.22865830602609255,Auswahl_CFB1010_400-H-6mm-4000x06_3_3.png,0.19432830810546875
103,-2.249367405641721,-1.1378774643913996,0.357994357156479,-0.06004331121985222,-0.3204533391350733,-0.32316722428628625,Auswahl_CFB1010_400-V-12mm-4000x14_1_1.png,0.10613632202148438
104,2.8281830047292185,-1.1242899596131182,0.3617354183144139,-0.4492105895448916,-0.24019830818041715,-0.0528896487496163,Auswahl_CFB1010_400-V-9mm-4000x10_3_2.png,0.16941452026367188
105,-1.0215979996841302,-1.1739763860619288,0.05536875168635268,-0.1584117558648245,-0.28643485918061734,-0.03376763221138726,Auswahl_CFB1010_400-V-6mm-4000x06_1_1.png,0.123565673828125
106,-4.633043082541331,0.4607434410311247,0.07388699585935822,0.040697059648140535,0.0689070656599938,0.10312288852643418,Auswahl_CFB1010_400-V-3mm-4000x03_2_1.png,0.08199691772460938
107,1.842740163934113,-0.22857476987970862,-0.2389349287474966,-0.4083567032523849,0.0199272810943981,0.03917721740170983,Auswahl_CFB1010_400-V-9mm-4000x10_2_1.png,0.16465377807617188
108,-3.3931975682067956,0.5348964144961836,-0.2800853005225737,0.3549142221669378,-0.03356641643249025,-0.11950951080053261,Auswahl_CFB1010_400-V-6mm-4000x07_2_3.png,0.10988616943359375
109,-1.082481947903782,-0.40644871600926924,1.1189704708864843,0.030445338090578537,0.16786325108604988,-0.26772610470888725,Auswahl_CFB1010_400-H-3mm-4000x03_3_2.png,0.12035751342773438
110,-3.6954253909999513,-0.31556442141848157,-0.22451053058729814,-0.1651430174806613,0.08004888469626886,0.016334794750882696,Auswahl_CFB1010_400-V-3mm-4000x03_3_1.png,0.09105300903320312
111,0.16234549269587484,0.005365431571006992,0.23689230208660098,-0.3980987157272948,-0.09918367412149365,0.07629998764693058,Auswahl_CFB1010_400-H-6mm-4000x06_4_1.png,0.1375885009765625
112,-0.34609336418844755,-1.1531274099657751,0.033182379390389476,-0.1742612714296379,-0.2952571751545184,-0.07682016647404157,Auswahl_CFB1010_400-H-6mm-4000x07_2_1.png,0.13298797607421875
113,0.8164793977522714,-1.1980677782891336,-0.751125871085033,-0.5051223568357274,0.07424054815157077,0.5183048892596899,Auswahl_CFB1010_400-V-3mm-4000x03_3_2.png,0.14863967895507812
114,-7.524074488933548,0.4829075785153251,0.034012394170736704,0.35835879749230165,-0.1400565669913123,0.023095666962679298,Auswahl_CFB1010_400-H-9mm-4000x11_2_2.png,0.048130035400390625
115,0.4391739704397156,-0.8674630249890805,0.24536382123053335,0.09913325974939115,-0.12266808498991412,-0.007349970298589207,Auswahl_CFB1010_400-V-3mm-4000x02_1_2.png,0.1488800048828125
116,6.739849988975806,0.23169598685319157,-0.8101726037650374,0.504096248737187,0.13372566300150487,-0.15698186069952286,Auswahl_CFB1010_400-V-9mm-4000x11_4_2.png,0.26026153564453125
117,0.1497164415806697,-0.5438655466533375,0.9462544558591136,0.20731526051569013,0.19575448591874148,-0.3269913596247973,Auswahl_CFB1010_400-H-3mm-4000x02_2_3.png,0.14270401000976562
118,3.3058355168137803,0.3319725723875299,2.192832741412275,-0.8099709672844305,0.9241775658003497,-0.04934939802578715,Auswahl_CFB1010_400-V-12mm-4000x14_4_1.png,0.1592864990234375
119,0.28691240646675253,0.5460637292093873,-0.29159350732482664,-0.22704939926256418,-0.011625692748360374,-0.04874856329477445,Auswahl_CFB1010_400-H-6mm-4000x06_3_2.png,0.1496734619140625
120,-3.152736214927329,0.4936633875206938,-0.6783989863607602,-0.27133070472170373,0.24413927481331565,-0.1470679046079231,Auswahl_CFB1010_400-V-9mm-4000x10_4_3.png,0.10335159301757812
121,-3.3636138294072917,-0.040714944250435016,-0.3063046172186425,-0.16003536272807872,0.04451611117433154,0.0040199208054351905,Auswahl_CFB1010_400-V-9mm-4000x10_1_2.png,0.09759902954101562
122,-1.5249692720485915,0.09549225527325264,-0.2858291009938936,-0.2508415645866186,0.13847955112121732,0.09489815190287328,Auswahl_CFB1010_400-H-9mm-4000x10_1_1.png,0.12178421020507812
123,2.108896779108785,-0.5145843113252545,1.126178759755468,-0.10227170312823222,0.23414949151607933,-0.047124919563560595,Auswahl_CFB1010_400-V-3mm-4000x02_2_3.png,0.16237258911132812
124,-0.8001499797025989,-0.15981887354678925,0.6989792419487145,0.15177226898541651,0.10394064878162595,0.14714020143148324,Auswahl_CFB1010_400-H-3mm-4000x03_2_1.png,0.13080215454101562
125,-2.688595509870663,-0.18912195868981557,-0.29832269874721734,-0.07249615880251624,0.15451247270079227,0.11834113886359005,Auswahl_CFB1010_400-H-15mm-4000x18_2_1.png,0.10815811157226562
126,-1.0634441129565038,-0.24277976230274925,-0.05101683522761025,0.23011335371913552,-0.015073500391195664,-0.0784832882601405,Auswahl_CFB1010_400-V-6mm-4000x07_4_2.png,0.13538742065429688
127,4.34313181030554,0.733057367810135,0.521472307285971,0.5634386331554195,-0.26024060607669053,0.0740627225895808,Auswahl_CFB1010_400-V-6mm-4000x06_4_2.png,0.21663665771484375
128,6.2800207844489435,0.2220642028920046,-0.6179260190499585,-0.4830849042363256,0.27477164704972573,-0.09760410212360296,Auswahl_CFB1010_400-H-9mm-4000x10_2_1.png,0.2306060791015625
129,-4.009180084726128,0.09538804058962358,-0.1664603731611635,-0.10172076994121947,0.11241316531268308,-0.013612825284027175,Auswahl_CFB1010_400-V-3mm-4000x02_3_1.png,0.08893966674804688
130,2.4716695229135457,1.3338261224714139,0.36004615436921245,-0.5283800677421245,-0.400811074560265,-0.07430862131649645,Auswahl_CFB1010_400-V-12mm-4000x15_2_1.png,0.1706695556640625
131,1.1927876609232784,-0.8364231221782119,0.03659425190253821,0.05076909797599386,-0.11759910142151071,-0.0687288858505386,Auswahl_CFB1010_400-H-9mm-4000x11_1_1.png,0.16083526611328125
132,-0.7214300437540542,-0.2417247012904494,0.5413749435360424,-0.07595981723158712,-0.08223928798217926,-0.13657447337713327,Auswahl_CFB1010_400-V-3mm-4000x02_1_3.png,0.12865066528320312
133,3.119658760579537,-0.9775131875893902,-0.1305247302244513,-0.3038336922364102,0.1143560205479674,0.20948987104316785,Auswahl_CFB1010_400-V-9mm-4000x11_1_3.png,0.18104171752929688
134,1.2269997345940704,0.627466991557419,0.03802576435183442,-0.505435243367844,-0.15674936978573634,-0.12029865956764181,Auswahl_CFB1010_400-H-15mm-4000x18_2_3.png,0.15427398681640625
135,-1.6817344737093216,-0.8675075666740132,0.07352593988680785,-0.20116099017346079,-0.24520098563805015,-0.16985213917757588,Auswahl_CFB1010_400-V-12mm-4000x14_2_1.png,0.11436843872070312
136,4.288033608842301,-0.5415908470821372,-0.7507970545037373,-0.025194687934620905,0.11142458991953587,0.06218697296595768,Auswahl_CFB1010_400-H-3mm-4000x02_2_2.png,0.21112823486328125
137,-3.4616938868605627,0.5986036944217278,0.18547578812123355,-0.04590353687615831,-0.10669803594681791,0.05084596658193535,Auswahl_CFB1010_400-H-9mm-4000x10_4_3.png,0.09603118896484375
138,1.2014711240455513,0.14569465057370903,-0.2786039007736989,-0.13653900424555607,-0.04992181425230078,0.207298575888392,Auswahl_CFB1010_400-H-15mm-4000x19_3_2.png,0.16268157958984375
139,-8.675713756060878,0.6739652247069674,-0.36175532442432146,0.3074953234781804,-0.010548324632247663,-0.17864737318394475,Auswahl_CFB1010_400-V-6mm-4000x07_1_2.png,0.03548431396484375
140,-2.9487615477406877,0.027923621225826065,-0.10875477501167145,0.03608933361876835,-0.053100334182955865,0.025824138785593875,Auswahl_CFB1010_400-H-9mm-4000x11_3_3.png,0.10583114624023438
141,-3.1664131868600416,-0.8613008365538181,0.0901603767526382,0.1018210121428652,-0.16187795683806033,-0.04226173036512651,Auswahl_CFB1010_400-H-15mm-4000x19_4_1.png,0.09961700439453125
142,-1.4061108306896446,0.0014851876189169112,0.1073451579282635,-0.3196323303738797,0.01148176427148296,0.29364648572117036,Auswahl_CFB1010_400-V-12mm-4000x15_4_3.png,0.1179351806640625
143,3.9278928000483297,-0.12157808405204902,0.350281807607051,0.24590934264815134,0.0008620412666055293,0.06448841454390843,Auswahl_CFB1010_400-H-15mm-4000x19_2_2.png,0.2027435302734375
144,3.3555880906313664,0.5527761635845045,-0.28397826083864,0.3714516624648555,0.015423824665911573,-0.24585696067712273,Auswahl_CFB1010_400-V-6mm-4000x07_3_2.png,0.20607376098632812
145,-4.408886800896786,0.26439257282263495,-0.5700464395175355,-0.06705371391443364,0.17726591057247829,0.04987555515696022,Auswahl_CFB1010_400-V-9mm-4000x11_2_2.png,0.0880584716796875
146,-5.503620587334004,0.4831726412939255,-0.4439981488250194,-0.2163675118495629,0.1570938860947515,-0.29796766380324685,Auswahl_CFB1010_400-V-12mm-4000x14_2_2.png,0.06943893432617188
147,2.613056276198593,-0.7746902920722765,-0.20991010092367884,-0.9669058006765362,-0.2604481771149306,0.12389785152707086,Auswahl_CFB1010_400-V-9mm-4000x10_2_3.png,0.161376953125
148,2.0780887864542947,0.5715442758142488,0.7854870826114715,0.08482168732225169,0.11622416646608628,0.06995506159458441,Auswahl_CFB1010_400-H-6mm-4000x07_2_3.png,0.17212677001953125
149,-3.5781366265381136,0.6064082578177846,-0.24257559317133004,0.14248494297313616,-0.09577676371856622,0.13628743885716882,Auswahl_CFB1010_400-H-9mm-4000x11_1_2.png,0.10227203369140625
150,-0.5480535818979423,-1.0838306804655673,0.1163081849720196,-0.4183825471363339,-0.25001267427448126,-0.027678031764026292,Auswahl_CFB1010_400-V-6mm-4000x06_2_2.png,0.12462234497070312
151,1.326909577653464,0.06422514002425456,0.30004940594197554,-0.29206918591223946,-0.027964524926183815,0.19337322766253734,Auswahl_CFB1010_400-H-9mm-4000x11_2_1.png,0.15572357177734375
152,2.298386599343169,0.8810121603332631,0.9467193063776574,0.44917946487752575,-0.21682129951531345,0.35975987527004155,Auswahl_CFB1010_400-H-6mm-4000x06_4_2.png,0.18152999877929688
153,1.8711585978162693,-1.0284895195557113,-0.11890344432374267,-0.5547745077836377,-0.21715561036022105,0.04308467344756138,Auswahl_CFB1010_400-V-9mm-4000x10_1_3.png,0.15801239013671875
154,-2.302474816155429,0.41632610092633443,0.022326081145813765,-0.0893766405018077,-0.09626027233354259,0.1682336926251805,Auswahl_CFB1010_400-H-9mm-4000x10_4_2.png,0.1122894287109375
155,2.7167957495286275,0.3895820253966625,-0.498324326784521,-0.18741302805255533,0.09305139746932548,-0.06788834409708676,Auswahl_CFB1010_400-V-9mm-4000x10_1_1.png,0.18654632568359375
156,2.8118971520829934,-0.1437085545935596,-0.33569742870497415,-0.06793685887316671,-0.036972074698339095,-0.005499500667724031,Auswahl_CFB1010_400-V-9mm-4000x11_1_1.png,0.1866302490234375
157,-2.9672566724234466,0.452578861654723,0.022154107772213275,-0.10466783234024639,-0.08478911637802647,0.06121173660280797,Auswahl_CFB1010_400-V-6mm-4000x06_4_3.png,0.10275650024414062
158,-1.8915248498123278,-0.38270890929652607,-0.11285692404840546,0.10843910852939817,-0.1358884547154309,-0.018334960427099863,Auswahl_CFB1010_400-H-9mm-4000x11_2_3.png,0.121246337890625
159,-2.289029011299024,0.06311525123447213,-0.19645972921896832,-0.24322217731191279,0.07585431874702495,0.023472191525904042,Auswahl_CFB1010_400-H-9mm-4000x11_4_1.png,0.11046218872070312
160,0.8911826077816253,-0.6086630149495434,0.4236896072520293,0.10271556494747211,0.0114958190307263,0.063771110807168,Auswahl_CFB1010_400-H-6mm-4000x07_2_2.png,0.15468215942382812
161,-1.3089537721611935,0.5962457618765361,0.8456335576826529,-0.2602558545158113,0.10869556773988742,0.2715105942258916,Auswahl_CFB1010_400-V-12mm-4000x15_3_1.png,0.1161956787109375
162,-0.9196366723406343,0.6246818262403401,0.22265656479718332,-0.4326573267601107,0.16404742103989697,-0.21188559974822643,Auswahl_CFB1010_400-V-12mm-4000x14_3_1.png,0.124298095703125
163,-1.3806236999259,-0.17856846773342738,-0.08579926812231149,0.08441635121941309,0.024117029830174056,-0.1067921604622026,Auswahl_CFB1010_400-V-6mm-4000x07_4_3.png,0.1285552978515625
164,-5.576969927602208,0.04787019802667888,-0.25197663103682,0.07828868741320207,0.005866560843617173,-0.035632307580712404,Auswahl_CFB1010_400-V-3mm-4000x02_3_2.png,0.07111358642578125
165,-6.253542176216928,0.30384357445091076,-0.32069812618969934,0.13850749258755612,0.013284502424168187,-0.13175634915272455,Auswahl_CFB1010_400-V-9mm-4000x10_3_3.png,0.06438446044921875
166,-4.412509198521333,0.07316829349395673,0.253970049317059,0.34449948480925474,-0.006025362853302572,-0.024481676344285427,Auswahl_CFB1010_400-V-3mm-4000x02_1_1.png,0.08878707885742188
167,-3.330581632241957,0.8136491767818603,-0.5849747701053583,-0.4050872255329815,-0.045867436560835646,-0.13848394152665197,Auswahl_CFB1010_400-V-6mm-4000x07_1_3.png,0.09857177734375
168,-3.3440610162220317,-0.62125442973084,0.04605999762146648,0.30618338228554637,-0.045928206019300574,-0.012036496442043486,Auswahl_CFB1010_400-V-6mm-4000x06_4_1.png,0.10258865356445312
169,-0.5176898329992436,-0.2076510026798784,-0.1506416704275895,0.06530361192577455,-0.09622946677149836,-0.23169542349402703,Auswahl_CFB1010_400-V-3mm-4000x02_2_2.png,0.14098739624023438
170,1.6196908898187359,-0.15932843469653082,0.07403626188390296,-0.045906227242633525,0.03148618813135022,0.1690783912892682,Auswahl_CFB1010_400-V-3mm-4000x03_4_1.png,0.166534423828125
171,3.262887158352711,-0.9262648198317546,-0.05864454751870053,-0.32053610642273916,-0.14827022607083415,-0.12317638081170884,Auswahl_CFB1010_400-V-6mm-4000x06_1_3.png,0.182861328125
172,-2.941795212795259,-0.6055901018825361,-0.22068893286378938,-0.08206714706782779,-0.04117806063740461,0.15866013575769883,Auswahl_CFB1010_400-V-6mm-4000x06_3_3.png,0.10236740112304688
173,-2.075133667133396,0.3033211003886801,-0.25893309195466696,0.4030731097091093,0.012765564908904094,0.010302339650746421,Auswahl_CFB1010_400-V-6mm-4000x07_1_1.png,0.12841796875
174,2.6082242090539576,0.07682811298277747,0.02023344780802218,-0.24513268813915473,-0.08648162053373783,0.03414498236810473,Auswahl_CFB1010_400-V-12mm-4000x14_1_3.png,0.17779159545898438
175,1.487360311179729,-0.5506471652124093,0.13109561055355923,0.054874881241961805,-0.07697868303477969,-0.08404589995142138,Auswahl_CFB1010_400-H-9mm-4000x10_2_3.png,0.16500091552734375
176,3.796826546950017,-1.0156081580021592,0.1908019311090077,-0.3741467079092385,-0.26938504902027294,-0.11888557034807115,Auswahl_CFB1010_400-V-9mm-4000x10_3_1.png,0.18667221069335938
177,1.5830693375808755,0.5314911143841872,-1.01751997189518,-0.612846713409007,0.20996291164535855,-0.13418214141207924,Auswahl_CFB1010_400-V-6mm-4000x07_4_1.png,0.16689300537109375
178,2.0240148627702994,-0.2661560608406264,0.06216789065779233,0.6027974779975127,-0.08331722661290589,-0.027499563146536045,Auswahl_CFB1010_400-H-9mm-4000x10_3_2.png,0.18561172485351562
179,2.0812087812543725,0.37056614799754184,0.7053629756194428,-0.1855144400894412,-0.034458554425356384,0.12343461445670897,Auswahl_CFB1010_400-H-3mm-4000x02_3_1.png,0.16624069213867188
180,-0.1503111779055264,-0.7567521224282785,0.054266079889319085,-0.046257307383921725,-0.0924427766188155,-0.024322960982404624,Auswahl_CFB1010_400-H-9mm-4000x10_4_1.png,0.1398773193359375
181,-0.19096784714686696,-0.02886050933895078,-0.5348254056248437,0.7463296742224903,0.10629996939431965,-0.012536582729660035,Auswahl_CFB1010_400-V-6mm-4000x07_2_2.png,0.16398239135742188
182,2.9706538445781483,0.4231003255213253,-0.17043729816361033,-0.3056210696606305,0.03471323336346408,-0.02052157985539745,Auswahl_CFB1010_400-V-3mm-4000x03_3_3.png,0.18499374389648438
183,3.2969468337563756,0.48811591693975437,0.06488339486584717,-0.29428724714497506,-0.03454347568953823,0.14213512393175037,Auswahl_CFB1010_400-V-3mm-4000x03_2_3.png,0.187530517578125
184,4.97076526124519,-0.08768949337062631,-0.6991776358072604,-0.3760500043686567,0.31555569560492713,-0.016909705570518456,Auswahl_CFB1010_400-V-9mm-4000x11_3_3.png,0.21423721313476562
185,2.099609406097872,0.10504467826375544,-0.415201450878703,-0.12201731183086399,0.03343461614751685,-0.17892589380729923,Auswahl_CFB1010_400-V-12mm-4000x14_1_2.png,0.17746353149414062
186,7.71416251630269,0.1920701371391679,-0.47303839401088615,-0.013533504248273522,0.05320428841478616,-0.0498300403076204,Auswahl_CFB1010_400-V-9mm-4000x11_1_2.png,0.25983428955078125
187,0.5151354873968631,0.9663370993529306,0.1945620012524014,-0.1461630228091396,-0.15389133423422038,0.02885353734113188,Auswahl_CFB1010_400-V-12mm-4000x14_4_3.png,0.15156173706054688
188,6.74982156436325,-0.24399385577305832,-0.6295138580186593,0.9739365372603948,0.2011379429790919,-0.21959081033861624,Auswahl_CFB1010_400-V-9mm-4000x11_3_2.png,0.267333984375
189,4.974882547979434,0.3306564271238319,-0.5900075062491664,0.9139453763308063,0.17203608867462075,-0.10657048179982341,Auswahl_CFB1010_400-V-3mm-4000x02_4_2.png,0.24245452880859375
190,-0.17288581484841936,-0.010496206623285556,0.27500383894309965,-0.23194062835180984,0.017840157804078337,0.04517124464887397,Auswahl_CFB1010_400-H-3mm-4000x03_2_2.png,0.13592529296875
191,1.9030665121886268,-0.4059828232472752,1.3726421249547587,0.21494538329809118,0.05584737546314085,0.00458068109318548,Auswahl_CFB1010_400-H-3mm-4000x02_4_1.png,0.16359329223632812
192,3.5829468034190057,-0.6232574366378628,-0.2336070514733518,-0.014510570855224404,0.07404178518679479,-0.10071473629560466,Auswahl_CFB1010_400-H-3mm-4000x02_1_3.png,0.19654464721679688
193,-2.0432342878273593,0.5489950471156474,0.942608945422729,-0.276800744173314,0.018272509707966438,0.1836116619687046,Auswahl_CFB1010_400-V-12mm-4000x15_4_1.png,0.10438919067382812
194,1.261435080600701,-0.11012283693716964,-0.10410744702523601,0.23929019832796533,0.02061379204727703,0.04032337721935573,Auswahl_CFB1010_400-V-3mm-4000x03_2_2.png,0.16941452026367188
195,-0.8098970841751544,1.1542975878005435,0.547783382367336,-0.1072469577947149,-0.28954031177856043,0.2649598946478023,Auswahl_CFB1010_400-V-12mm-4000x15_2_2.png,0.13034820556640625
196,2.2983730224566714,-0.33622737360135185,-0.6410649958962429,-0.2262061386573087,0.1305289333065319,0.12909918189190356,Auswahl_CFB1010_400-V-9mm-4000x11_2_3.png,0.17801284790039062
197,-0.09283177838639471,0.411128348754433,0.4026879660356142,-0.5912002662737524,0.09646327818802952,-0.1663858551355531,Auswahl_CFB1010_400-V-12mm-4000x14_4_2.png,0.12993240356445312
198,0.3893374585045582,0.33193329583403414,1.0396537629562492,-0.058926232355546615,0.09942560343939444,0.2568343842627804,Auswahl_CFB1010_400-V-3mm-4000x03_1_2.png,0.141693115234375
199,3.0717596172793455,-0.10300774811612574,-0.23458405017736644,0.26306702829002393,0.035169501843797295,-0.016498529173009882,Auswahl_CFB1010_400-V-6mm-4000x07_3_3.png,0.19668960571289062
200,-5.765887998885458,0.5468965533096494,-0.2939985388145464,0.15249048084119535,0.04620105882871147,-0.08558764420779698,Auswahl_CFB1010_400-V-9mm-4000x11_2_1.png,0.07203292846679688
201,4.095983597548729,-0.22666783613374333,0.01180307977005128,0.0060225456611505,0.08504187686560703,0.1493255654568495,Auswahl_CFB1010_400-V-12mm-4000x14_3_3.png,0.2027435302734375
202,1.1493744615334338,0.0813967155908862,0.27425510636884687,-0.12015406780908006,0.013074236352106236,0.1549500027032384,Auswahl_CFB1010_400-H-3mm-4000x02_3_2.png,0.15702438354492188
203,0.30291856676202145,-0.7401546949058014,-0.1389232499882412,0.005978322164762421,-0.13464437023638004,0.14161669132193197,Auswahl_CFB1010_400-H-15mm-4000x19_4_3.png,0.1487884521484375
204,1.8275147897303996,1.520276835866397,0.19128378973676033,-0.34093393919312276,-0.484261595152204,0.03080264575562277,Auswahl_CFB1010_400-V-12mm-4000x15_1_3.png,0.1675567626953125
205,-0.7347940060712869,-0.6264748801457363,-0.309401324077699,-0.1603503196226086,-0.03856147152323724,-0.0018968589615627907,Auswahl_CFB1010_400-V-9mm-4000x10_2_2.png,0.13269805908203125
206,-2.9120342121013505,0.31746810980599705,-0.045564751166442326,0.09146487900530278,-0.18734454279167853,-0.053559806084134416,Auswahl_CFB1010_400-H-9mm-4000x11_1_3.png,0.108245849609375
207,4.530749877301927,1.5838437746360168,0.04449121854759441,-0.39113965265627504,-0.3469205501457032,-0.039160089073635086,Auswahl_CFB1010_400-V-12mm-4000x15_2_3.png,0.20659255981445312
208,3.038225152302501,-0.08085304583765764,-0.2787787203852618,-0.5681207697570547,0.1493773590384252,-0.07096392865175041,Auswahl_CFB1010_400-V-3mm-4000x02_2_1.png,0.1793060302734375
209,9.88425789763211,-0.6337884751634801,0.03423935988928477,0.39421523545840603,0.16285591957770296,-0.08465473119281976,Auswahl_CFB1010_400-V-3mm-4000x02_4_1.png,0.29152679443359375
210,-1.6738143242919086,-0.558928668360964,-0.13939143138564297,-0.39017394922751425,-0.10468355703376182,-0.05397183759420827,Auswahl_CFB1010_400-V-6mm-4000x06_2_1.png,0.11362457275390625
211,-2.62909676422559,0.6887727495906939,-0.7742066654703068,-0.09813686840577143,0.13869444130635888,-0.03567864477201038,Auswahl_CFB1010_400-H-15mm-4000x19_1_1.png,0.11627960205078125
212,-3.9155739941801597,0.1217135599868855,-0.49412273851704097,0.3674656922484079,0.09340962062281269,0.07260393594434725,Auswahl_CFB1010_400-H-9mm-4000x10_2_2.png,0.1031036376953125
213,-4.1041205380266925,0.24731910090959155,-0.6541977288307352,0.02460738717058814,0.18453666280028322,0.03226058196731341,Auswahl_CFB1010_400-H-9mm-4000x11_3_1.png,0.09528350830078125
214,6.7333436647182525,1.9672581442104,0.11939897904721421,-0.12013950432321684,-0.5532951996647552,0.03356924438850077,Auswahl_CFB1010_400-V-12mm-4000x15_1_2.png,0.2440643310546875
215,-2.6009230807434025,-1.018052808371214,0.018873554882004703,-0.21922910458668107,-0.3188264177259332,-0.11423484854475528,Auswahl_CFB1010_400-H-9mm-4000x10_1_3.png,0.10091400146484375
